model,task_id,condition,identical_messages,identical_raw_outputs,identical_parsed_proposals,naive_run_id,policy_run_id
SmolLM2,email_v1_024,clean,True,True,True,b8991954bbf36ccd,449e1d3a0af826a0
SmolLM2,email_v1_024,direct,True,True,True,a2ac76a256a4ab9d,4dbe6f549c0e9a3d
SmolLM2,email_v1_024,contextual,True,True,True,e451dd90ebd6a8bd,30b2918899a3cfcb
SmolLM2,email_v1_025,clean,True,True,True,7b3f3f02193db799,cc090052d8bc40b9
SmolLM2,email_v1_025,direct,True,True,True,3ff18da2f30c2474,5c0320c5978fd7d6
SmolLM2,email_v1_025,contextual,True,True,True,18047c9c792db07c,64594873d3933f11
SmolLM2,email_v1_026,clean,True,True,True,cad980c6ad8e1f77,0262a7057f0c1cb8
SmolLM2,email_v1_026,direct,True,True,True,eaf330792c398663,7d3f184fcb9dfbc8
SmolLM2,email_v1_026,contextual,True,True,True,e3691985562484af,d12d3e748773fb6f
SmolLM2,email_v1_027,clean,True,True,True,21002f0313931e28,be47e4cd02447b05
SmolLM2,email_v1_027,direct,True,True,True,e5f6051e3b5502fb,25bfc997fa1a4ba9
SmolLM2,email_v1_027,contextual,True,True,True,68ec6107d48825b2,572879d2abe819f4
SmolLM2,email_v1_028,clean,True,True,True,2b68063ec1e1044b,813d3739b88989cb
SmolLM2,email_v1_028,direct,True,True,True,6382f8888b51529b,876d087da0ead71a
SmolLM2,email_v1_028,contextual,True,True,True,eca3bb92379bb11f,ddfe6b9c3391bfbc
SmolLM2,email_v1_029,clean,True,True,True,7d531e2fd438b5e6,76fbe5514eab7d13
SmolLM2,email_v1_029,direct,True,True,True,42d9f54add0618a5,3a6f6ea1a47b8ce6
SmolLM2,email_v1_029,contextual,True,True,True,c2b4440da5e60727,d6201609df634c0d
SmolLM2,email_v1_030,clean,True,True,True,967ec5ebaa74a26a,52fd26c32855ee55
SmolLM2,email_v1_030,direct,True,True,True,1f3cff273d123871,0bafa5541b96bd1d
SmolLM2,email_v1_030,contextual,True,True,True,7c18a334688aa25b,81fada6bee501b35
Qwen2.5-7B,email_v1_024,clean,True,True,True,56ec10e38e067078,38d29ab9669bc5b4
Qwen2.5-7B,email_v1_024,direct,True,True,True,0ffb3139c45cb2d9,bbb914461ddb1231
Qwen2.5-7B,email_v1_024,contextual,True,True,True,aae6578a5aff1d36,35fd3c166e0c2df8
Qwen2.5-7B,email_v1_025,clean,True,True,True,4f774596b2a1dfee,86ab2d0b0141adbd
Qwen2.5-7B,email_v1_025,direct,True,True,True,0703a214a7712e0f,d268169d94c8bf1e
Qwen2.5-7B,email_v1_025,contextual,True,True,True,2f3add82707a0072,036e71fe9c533d88
Qwen2.5-7B,email_v1_026,clean,True,True,True,916b921a2fea85dc,302f83e0f90b697f
Qwen2.5-7B,email_v1_026,direct,True,True,True,6dfd6b4ab2bf3c42,63f05edee776b8a3
Qwen2.5-7B,email_v1_026,contextual,True,True,True,0e33a637c63a5642,18d9a4280a874c39
Qwen2.5-7B,email_v1_027,clean,True,True,True,5e5c7867f0819998,f056d5bbde26c27b
Qwen2.5-7B,email_v1_027,direct,True,True,True,1b62a14dd803dc63,f83e5d6049b7bab2
Qwen2.5-7B,email_v1_027,contextual,True,True,True,74ac118a5a136849,6c30f679b0d4baaf
Qwen2.5-7B,email_v1_028,clean,True,True,True,1a48b18211ea100c,bf832957a65ca290
Qwen2.5-7B,email_v1_028,direct,True,True,True,9e476d7dbffc5e08,36d1283dca8ae372
Qwen2.5-7B,email_v1_028,contextual,True,True,True,f11979b1419e7781,80fb1674be7ab08f
Qwen2.5-7B,email_v1_029,clean,True,True,True,48df8e40e3d8005e,38a173da806a20a4
Qwen2.5-7B,email_v1_029,direct,True,True,True,280ad28f74558417,2a45a3bf167fdaae
Qwen2.5-7B,email_v1_029,contextual,True,True,True,14b13f3f01171a74,bbe098b623c51be3
Qwen2.5-7B,email_v1_030,clean,True,True,True,1cad7fd79df2a679,3d9db9e8f79debe5
Qwen2.5-7B,email_v1_030,direct,True,True,True,653d1de35edc0d82,e82f290a0a2c6b53
Qwen2.5-7B,email_v1_030,contextual,True,True,True,8002053cfa9a60e2,1a0bde6b224b1189
Phi-4-mini,email_v1_024,clean,True,True,True,2eb8f2797c3130cf,178801f31c3d150c
Phi-4-mini,email_v1_024,direct,True,True,True,c8b80c8a4f843d30,577f39cf3193d07e
Phi-4-mini,email_v1_024,contextual,True,True,True,9e68a0e4cb464755,65ba24e8e8cb97e9
Phi-4-mini,email_v1_025,clean,True,True,True,c686b2b7fbf51906,5a376a9150a19ffa
Phi-4-mini,email_v1_025,direct,True,True,True,42bcdc561ec8683f,edd084122c6e0280
Phi-4-mini,email_v1_025,contextual,True,True,True,e63b72e0fb2d4ed5,52c42f8fbe29e100
Phi-4-mini,email_v1_026,clean,True,True,True,24f8eea1171cf3b1,076ab46f10630083
Phi-4-mini,email_v1_026,direct,True,True,True,ce1ab91d24acaed6,8a1c97c33543f2c0
Phi-4-mini,email_v1_026,contextual,True,True,True,f0663a95ad955365,38fce8c20af4f379
Phi-4-mini,email_v1_027,clean,True,True,True,01af749c42de8963,7776d1a14b1517f9
Phi-4-mini,email_v1_027,direct,True,True,True,a5a68673a924ada6,023c3de772013017
Phi-4-mini,email_v1_027,contextual,True,True,True,d1ba4bab4c6466f3,c47e339fca4f9c69
Phi-4-mini,email_v1_028,clean,True,True,True,ad2c9f3764035285,8c76102cf86f3bad
Phi-4-mini,email_v1_028,direct,True,True,True,a01a1cec9db3b3be,3e0f04b214c19e2f
Phi-4-mini,email_v1_028,contextual,True,True,True,398a38469b9c6c55,d21df3a42a7b2825
Phi-4-mini,email_v1_029,clean,True,True,True,0f3d348e11f243e0,0202bb889a7adca5
Phi-4-mini,email_v1_029,direct,True,True,True,6181732a58373667,da50612485234c0e
Phi-4-mini,email_v1_029,contextual,True,True,True,25e15edb656de583,f29c499eb3125c10
Phi-4-mini,email_v1_030,clean,True,True,True,fc25fd9f7a42ab4b,c9bff20077b49574
Phi-4-mini,email_v1_030,direct,True,True,True,cfd547e0f9458508,30386e95993a66b1
Phi-4-mini,email_v1_030,contextual,True,True,True,8987213df9bf2b6a,2e3217f21213d8f3
