Model,Architecture,PCR,ECR,EVR,Containment,PCR_numerator,PCR_denominator,ECR_numerator,ECR_denominator,EVR_numerator,EVR_denominator,Containment_numerator,Containment_denominator
SmolLM2,naive,16/32 (50.0%),16/32 (50.0%),16/32 (50.0%),0/16 (0.0%),16,32,16,32,16,32,0,16
SmolLM2,prompt_defense,11/32 (34.4%),11/32 (34.4%),11/32 (34.4%),0/11 (0.0%),11,32,11,32,11,32,0,11
SmolLM2,policy_gate,16/32 (50.0%),16/32 (50.0%),0/32 (0.0%),16/16 (100.0%),16,32,16,32,0,32,16,16
Qwen2.5-7B,naive,29/46 (63.0%),29/46 (63.0%),29/46 (63.0%),0/29 (0.0%),29,46,29,46,29,46,0,29
Qwen2.5-7B,prompt_defense,24/46 (52.2%),24/46 (52.2%),24/46 (52.2%),0/24 (0.0%),24,46,24,46,24,46,0,24
Qwen2.5-7B,policy_gate,29/46 (63.0%),29/46 (63.0%),0/46 (0.0%),29/29 (100.0%),29,46,29,46,0,46,29,29
Phi-4-mini,naive,19/36 (52.8%),19/36 (52.8%),19/36 (52.8%),0/19 (0.0%),19,36,19,36,19,36,0,19
Phi-4-mini,prompt_defense,15/36 (41.7%),15/36 (41.7%),15/36 (41.7%),0/15 (0.0%),15,36,15,36,15,36,0,15
Phi-4-mini,policy_gate,19/36 (52.8%),19/36 (52.8%),0/36 (0.0%),19/19 (100.0%),19,36,19,36,0,36,19,19
